nb_processes;mb_per_process;read_time;write_time;overall_time;max_bandwidth
1;1;0.00026;0.00108;0.00134;747.8
2;1;0.00065;0.00166;0.00230;867.9
3;1;0.00118;0.00227;0.00345;868.4
4;1;0.00165;0.00482;0.00647;618.2
5;1;0.00163;0.00279;0.00442;1131.6
6;1;0.00138;0.00390;0.00528;1136.8
7;1;0.00274;0.00407;0.00681;1028.4
8;1;0.00196;0.00720;0.00916;873.6
1;2;0.00049;0.00134;0.00182;1096.6
2;2;0.00113;0.00353;0.00466;858.4
3;2;0.00148;0.00306;0.00454;1322.9
4;2;0.00158;0.00790;0.00948;844.2
5;2;0.00229;0.00701;0.00930;1075.5
6;2;0.02908;0.00940;0.03848;311.8
7;2;0.00287;0.00728;0.01015;1379.7
8;2;0.00263;0.01285;0.01549;1033.1
1;3;0.00087;0.00201;0.00288;1042.4
2;3;0.00150;0.00381;0.00531;1130.2
3;3;0.00196;0.00607;0.00804;1119.9
4;3;0.00192;0.00805;0.00997;1203.1
5;3;0.00287;0.01108;0.01395;1075.2
6;3;0.00354;0.01518;0.01872;961.5
7;3;0.00356;0.02064;0.02419;868.0
8;3;0.00536;0.01587;0.02123;1130.5
1;4;0.00116;0.00261;0.00377;1061.4
2;4;0.00158;0.00522;0.00681;1175.3
3;4;0.00252;0.00788;0.01040;1153.4
4;4;0.05576;0.01257;0.06834;234.1
5;4;0.06953;0.07053;0.14006;142.8
6;4;0.00357;0.01542;0.01899;1264.1
7;4;0.00398;0.01781;0.02179;1285.1
8;4;0.05093;0.01789;0.06882;465.0
1;5;0.00138;0.00336;0.00474;1054.1
2;5;0.00803;0.00690;0.01493;669.7
3;5;0.00237;0.00921;0.01158;1295.3
4;5;0.07033;0.07743;0.14776;135.4
5;5;0.01288;0.01537;0.02825;885.0
6;5;0.00568;0.02099;0.02668;1124.5
7;5;0.00590;0.02215;0.02805;1247.8
8;5;0.00772;0.01907;0.02679;1493.1
1;6;0.00168;0.00375;0.00544;1103.6
2;6;0.07508;0.00803;0.08311;144.4
3;6;0.00420;0.01253;0.01673;1076.2
4;6;0.09307;0.12354;0.21661;110.8
5;6;0.00500;0.02131;0.02631;1140.3
6;6;0.00672;0.02441;0.03113;1156.6
7;6;0.15367;0.02866;0.18233;230.4
8;6;0.00648;0.03434;0.04083;1175.7
1;7;0.00249;0.00620;0.00869;805.6
2;7;0.26974;0.00972;0.27947;50.1
3;7;0.00418;0.01590;0.02008;1045.8
4;7;0.00514;0.01764;0.02278;1229.2
5;7;0.00590;0.01676;0.02266;1544.6
6;7;0.00713;0.02562;0.03274;1282.7
7;7;0.00766;0.03315;0.04081;1200.8
8;7;0.00776;0.03994;0.04771;1173.8
1;8;0.00237;0.00490;0.00726;1101.2
2;8;0.09528;0.01420;0.10948;146.1
3;8;0.07234;0.11740;0.18975;126.5
4;8;0.12729;0.23615;0.36345;88.0
5;8;0.13503;0.46617;0.60119;66.5
6;8;0.08403;0.46795;0.55198;87.0
7;8;0.11882;0.75995;0.87877;63.7
8;8;0.09141;0.92904;1.02045;62.7
1;9;0.00684;0.00702;0.01385;649.6
2;9;0.07114;0.06725;0.13839;130.1
3;9;0.08599;0.16628;0.25227;107.0
4;9;0.08585;0.28164;0.36749;98.0
5;9;0.12977;0.63331;0.76309;59.0
6;9;0.09544;0.74002;0.83546;64.6
7;9;0.07440;1.00005;1.07445;58.6
8;9;0.12898;1.23902;1.36800;52.6
1;10;0.06958;0.00765;0.07724;129.5
2;10;0.08599;0.22686;0.31285;63.9
3;10;0.07167;0.26472;0.33639;89.2
4;10;0.07704;0.35835;0.43539;91.9
5;10;0.14196;0.76147;0.90342;55.3
6;10;0.08298;0.71527;0.79824;75.2
7;10;0.12241;0.95890;1.08131;64.7
8;10;0.10509;1.43986;1.54495;51.8
1;11;0.04115;0.00983;0.05098;215.8
2;11;0.07757;0.09806;0.17563;125.3
3;11;0.11848;0.62545;0.74393;44.4
4;11;0.07160;0.47190;0.54351;81.0
5;11;0.11034;0.54168;0.65202;84.4
6;11;0.18954;1.01294;1.20249;54.9
7;11;0.07544;1.13110;1.20654;63.8
8;11;0.07363;1.15293;1.22655;71.7
1;12;0.09994;0.00841;0.10835;110.8
2;12;0.07335;0.17274;0.24609;97.5
3;12;0.10743;0.45820;0.56563;63.6
4;12;0.07700;0.69824;0.77524;61.9
5;12;0.07431;0.61866;0.69297;86.6
6;12;0.21156;1.10415;1.31570;54.7
7;12;0.11457;1.86752;1.98209;42.4
8;12;0.17214;2.18289;2.35503;40.8
1;13;0.22523;0.01248;0.23770;54.7
2;13;0.15371;0.36590;0.51961;50.0
3;13;0.08685;0.92028;1.00713;38.7
4;13;0.07775;0.68344;0.76119;68.3
5;13;0.12366;1.14005;1.26371;51.4
6;13;0.09423;0.86609;0.96032;81.2
7;13;0.09595;1.10334;1.19930;75.9
8;13;0.12200;1.45473;1.57673;66.0
1;14;0.10237;0.01007;0.11245;124.5
2;14;0.10289;0.22718;0.33006;84.8
3;14;0.09849;0.51250;0.61099;68.7
4;14;0.33195;1.01163;1.34358;41.7
5;14;0.11717;1.47251;1.58968;44.0
6;14;0.12255;1.11555;1.23810;67.8
7;14;0.09757;1.46017;1.55774;62.9
8;14;0.11733;1.90406;2.02139;55.4
1;15;0.11914;0.17335;0.29249;51.3
2;15;0.19747;0.95936;1.15683;25.9
3;15;0.07280;0.83167;0.90447;49.8
4;15;0.13833;0.89806;1.03640;57.9
5;15;0.10575;1.35575;1.46150;51.3
6;15;0.09233;1.68056;1.77289;50.8
7;15;0.09506;1.78616;1.88122;55.8
8;15;0.13737;1.68030;1.81768;66.0
1;16;0.09888;0.06623;0.16511;96.9
2;16;0.10372;0.26229;0.36601;87.4
3;16;0.14337;0.47465;0.61802;77.7
4;16;0.08895;0.73628;0.82523;77.6
5;16;0.10317;1.11597;1.21914;65.6
6;16;0.12309;1.51333;1.63641;58.7
7;16;0.17709;2.14097;2.31806;48.3
8;16;0.14888;2.60727;2.75615;46.4
1;1;0.00026;0.00138;0.00165;607.3
2;1;0.00067;0.00167;0.00234;854.7
3;1;0.00073;0.00164;0.00237;1267.3
4;1;0.00093;0.00294;0.00387;1032.3
5;1;0.00117;0.00254;0.00371;1347.5
6;1;0.00353;0.00528;0.00882;680.6
7;1;0.00148;0.00418;0.00566;1235.9
8;1;0.00340;0.00746;0.01086;736.4
1;2;0.00052;0.00135;0.00188;1065.1
2;2;0.00099;0.00271;0.00370;1081.4
3;2;0.00121;0.00471;0.00592;1013.5
4;2;0.00151;0.00561;0.00712;1123.4
5;2;0.00206;0.00628;0.00834;1199.4
6;2;0.00222;0.00618;0.00840;1428.4
7;2;0.00531;0.00975;0.01506;929.7
8;2;0.00433;0.01449;0.01882;850.4
1;3;0.00098;0.00224;0.00321;933.9
2;3;0.00160;0.00392;0.00552;1086.8
3;3;0.00788;0.00771;0.01559;577.2
4;3;0.00215;0.00785;0.01000;1199.6
5;3;0.00312;0.00676;0.00988;1517.7
6;3;0.00322;0.01324;0.01645;1094.0
7;3;0.00340;0.01170;0.01510;1391.1
8;3;0.00545;0.02067;0.02612;918.8
1;4;0.00112;0.00259;0.00371;1078.9
2;4;0.00161;0.00539;0.00700;1142.5
3;4;0.03908;0.00899;0.04807;249.6
4;4;0.00298;0.00833;0.01131;1414.7
5;4;0.07237;0.07309;0.14546;137.5
6;4;0.00418;0.01675;0.02094;1146.4
7;4;0.18057;0.02240;0.20297;138.0
8;4;0.00788;0.02161;0.02949;1085.3
1;5;0.00162;0.00570;0.00732;683.4
2;5;0.04478;0.00707;0.05186;192.8
3;5;0.09677;0.29262;0.38939;38.5
4;5;0.07567;0.26811;0.34378;58.2
5;5;0.00414;0.01824;0.02238;1117.0
6;5;0.00483;0.01642;0.02125;1411.8
7;5;0.00500;0.01587;0.02088;1676.3
8;5;0.00546;0.03223;0.03769;1061.2
1;6;0.00167;0.00362;0.00529;1135.0
2;6;0.00256;0.00884;0.01140;1053.1
3;6;0.00357;0.01170;0.01527;1178.4
4;6;0.00483;0.01234;0.01717;1398.0
5;6;0.00451;0.01712;0.02163;1386.9
6;6;0.00512;0.02137;0.02649;1359.0
7;6;0.00594;0.02049;0.02643;1589.3
8;6;0.03257;0.03393;0.06651;721.7
1;7;0.00192;0.00420;0.00612;1143.2
2;7;0.16108;0.00984;0.17092;81.9
3;7;0.00464;0.01259;0.01724;1218.2
4;7;0.06983;0.16850;0.23833;117.5
5;7;0.00540;0.01567;0.02106;1661.7
6;7;0.00667;0.02906;0.03574;1175.3
7;7;0.00679;0.02149;0.02829;1732.3
8;7;0.04381;0.03675;0.08055;695.2
1;8;0.00235;0.00791;0.01026;779.8
2;8;0.08515;0.01413;0.09927;161.2
3;8;0.08211;0.14785;0.22997;104.4
4;8;0.13928;0.28243;0.42170;75.9
5;8;0.10538;0.56477;0.67015;59.7
6;8;0.08479;0.55743;0.64222;74.7
7;8;0.14039;0.84016;0.98055;57.1
8;8;0.14689;1.44930;1.59619;40.1
1;9;0.00676;0.03002;0.03678;244.7
2;9;0.08463;0.06891;0.15354;117.2
3;9;0.09088;0.17802;0.26890;100.4
4;9;0.07431;0.31048;0.38478;93.6
5;9;0.09991;0.58270;0.68261;65.9
6;9;0.15032;0.70762;0.85794;62.9
7;9;0.07563;0.79399;0.86962;72.4
8;9;0.08668;1.10400;1.19068;60.5
1;10;0.01899;0.00905;0.02804;356.6
2;10;0.07708;0.09658;0.17366;115.2
3;10;0.10654;0.23622;0.34276;87.5
4;10;0.08464;0.38803;0.47267;84.6
5;10;0.18517;0.91317;1.09833;45.5
6;10;0.30860;1.53932;1.84791;32.5
7;10;0.12679;1.61141;1.73821;40.3
8;10;0.07174;1.66612;1.73787;46.0
1;11;0.03250;0.00788;0.04038;272.4
2;11;0.07706;0.11554;0.19260;114.2
3;11;0.09926;0.26585;0.36510;90.4
4;11;0.07127;0.46912;0.54039;81.4
5;11;0.18225;0.88041;1.06265;51.8
6;11;0.10141;1.06772;1.16913;56.5
7;11;0.06990;0.97336;1.04326;73.8
8;11;0.09221;1.07418;1.16639;75.4
1;12;0.09849;0.00893;0.10742;111.7
2;12;0.11024;0.20406;0.31430;76.4
3;12;0.07261;0.52212;0.59473;60.5
4;12;0.12695;0.61132;0.73827;65.0
5;12;0.09867;0.93949;1.03817;57.8
6;12;0.11159;1.00221;1.11379;64.6
7;12;0.12325;1.30044;1.42369;59.0
8;12;0.08539;1.46806;1.55345;61.8
1;13;0.08678;0.00974;0.09652;134.7
2;13;0.08687;0.17388;0.26074;99.7
3;13;0.10059;0.32875;0.42934;90.8
4;13;0.10479;0.64170;0.74648;69.7
5;13;0.11057;1.20424;1.31482;49.4
6;13;0.16554;1.28013;1.44567;54.0
7;13;0.18870;1.74115;1.92984;47.2
8;13;0.12532;1.93030;2.05562;50.6
1;14;0.18866;0.01085;0.19951;70.2
2;14;0.08485;0.38197;0.46682;60.0
3;14;0.10535;0.44584;0.55120;76.2
4;14;0.13090;0.71916;0.85006;65.9
5;14;0.14357;1.42538;1.56895;44.6
6;14;0.15814;1.62658;1.78472;47.1
7;14;0.12350;1.90909;2.03259;48.2
8;14;0.33655;2.22561;2.56216;43.7
1;15;0.10067;0.18276;0.28343;52.9
2;15;0.11868;0.26009;0.37876;79.2
3;15;0.10040;0.52408;0.62449;72.1
4;15;0.10162;0.76101;0.86263;69.6
5;15;0.13589;0.94177;1.07766;69.6
6;15;0.14303;1.28279;1.42582;63.1
7;15;0.12532;1.59814;1.72347;60.9
8;15;0.23093;3.14656;3.37749;35.5
1;16;0.12399;0.17241;0.29640;54.0
2;16;0.18144;0.56846;0.74990;42.7
3;16;0.21161;0.78439;0.99599;48.2
4;16;0.01228;1.95343;1.96570;32.6
5;16;0.16981;1.73746;1.90727;41.9
6;16;0.08396;2.36981;2.45377;39.1
7;16;0.10397;2.40149;2.50546;44.7
8;16;0.17040;2.04369;2.21409;57.8
1;1;0.00024;0.00082;0.00106;942.6
2;1;0.00062;0.00164;0.00226;884.1
3;1;0.00088;0.00216;0.00303;988.7
4;1;0.00106;0.00298;0.00404;990.5
5;1;0.00121;0.00376;0.00496;1007.8
6;1;0.00129;0.00376;0.00505;1188.5
7;1;0.00185;0.00462;0.00647;1081.7
8;1;0.00197;0.00600;0.00797;1003.2
1;2;0.00048;0.00139;0.00186;1074.9
2;2;0.00093;0.00280;0.00373;1071.2
3;2;0.00118;0.00412;0.00530;1132.2
4;2;0.00148;0.00509;0.00657;1217.8
5;2;0.00192;0.00444;0.00636;1571.3
6;2;0.00243;0.00618;0.00860;1395.1
7;2;0.00293;0.00862;0.01154;1213.0
8;2;0.00287;0.01261;0.01548;1033.5
1;3;0.00092;0.00204;0.00296;1013.8
2;3;0.00146;0.00382;0.00529;1134.5
3;3;0.00480;0.00664;0.01144;786.7
4;3;0.00338;0.00812;0.01150;1043.6
5;3;0.00325;0.01112;0.01438;1043.5
6;3;0.07547;0.04790;0.12337;145.9
7;3;0.00432;0.01064;0.01496;1403.4
8;3;0.00393;0.01752;0.02146;1118.6
1;4;0.00114;0.00264;0.00378;1057.4
2;4;0.00173;0.00503;0.00676;1183.4
3;4;0.00197;0.00577;0.00774;1550.2
4;4;0.06433;0.01113;0.07546;212.0
5;4;0.00455;0.00747;0.01201;1665.0
6;4;0.00456;0.02002;0.02458;976.3
7;4;0.00500;0.01262;0.01762;1588.8
8;4;0.01071;0.02477;0.03548;902.0
1;5;0.00139;0.00336;0.00475;1052.2
2;5;0.09006;0.00635;0.09641;103.7
3;5;0.00278;0.00958;0.01237;1213.1
4;5;0.00390;0.01392;0.01781;1122.8
5;5;0.00483;0.01426;0.01909;1309.6
6;5;0.00451;0.01678;0.02128;1409.5
7;5;0.00480;0.01935;0.02415;1449.1
8;5;0.00658;0.02137;0.02795;1431.2
1;6;0.00165;0.00370;0.00535;1121.5
2;6;0.11964;0.00755;0.12720;94.3
3;6;0.10122;0.21924;0.32046;56.2
4;6;0.07545;0.32626;0.40171;59.7
5;6;0.00483;0.01441;0.01923;1559.7
6;6;0.00505;0.02251;0.02756;1306.3
7;6;0.00717;0.02848;0.03565;1178.2
8;6;0.05469;0.08111;0.13581;353.4
1;7;0.00225;0.00463;0.00688;1017.7
2;7;0.06088;0.00962;0.07051;198.6
3;7;0.07520;0.13734;0.21254;98.8
4;7;0.08282;0.02283;0.10565;265.0
5;7;0.00523;0.02600;0.03124;1120.5
6;7;0.00689;0.02485;0.03173;1323.5
7;7;0.00664;0.02987;0.03652;1341.8
8;7;0.00779;0.03205;0.03984;1405.7
1;8;0.00278;0.00642;0.00920;869.4
2;8;0.08321;0.09608;0.17929;89.2
3;8;0.08924;0.22543;0.31467;76.3
4;8;0.18451;0.32704;0.51155;62.6
5;8;0.14554;0.54427;0.68980;58.0
6;8;0.09306;0.90513;0.99818;48.1
7;8;0.10223;0.83193;0.93416;59.9
8;8;0.09487;0.79253;0.88740;72.1
1;9;0.00691;0.00654;0.01345;669.2
2;9;0.08212;0.06079;0.14291;126.0
3;9;0.10761;0.27744;0.38505;70.1
4;9;0.11602;0.26959;0.38562;93.4
5;9;0.13557;0.59520;0.73076;61.6
6;9;0.10158;0.63936;0.74094;72.9
7;9;0.10960;0.80696;0.91656;68.7
8;9;0.07169;0.88453;0.95622;75.3
1;10;0.02118;0.00713;0.02831;353.3
2;10;0.07156;0.06935;0.14091;141.9
3;10;0.07512;0.27645;0.35156;85.3
4;10;0.13663;0.34512;0.48175;83.0
5;10;0.16899;0.65438;0.82337;60.7
6;10;0.12113;0.61305;0.73418;81.7
7;10;0.08591;0.77902;0.86493;80.9
8;10;0.13986;1.29671;1.43657;55.7
1;11;0.03509;0.00840;0.04349;253.0
2;11;0.07147;0.10739;0.17886;123.0
3;11;0.07523;0.28144;0.35666;92.5
4;11;0.09805;0.42519;0.52323;84.1
5;11;0.09101;0.71068;0.80170;68.6
6;11;0.12667;0.73216;0.85883;76.8
7;11;0.09747;1.49084;1.58831;48.5
8;11;0.11509;1.24087;1.35596;64.9
1;12;0.04682;0.00951;0.05633;213.0
2;12;0.07691;0.14039;0.21730;110.4
3;12;0.11829;0.35009;0.46838;76.9
4;12;0.09949;0.46030;0.55979;85.7
5;12;0.07777;0.76388;0.84165;71.3
6;12;0.07366;0.83854;0.91220;78.9
7;12;0.23140;1.09697;1.32837;63.2
8;12;0.07415;1.56559;1.63974;58.5
1;13;0.10841;0.00991;0.11831;109.9
2;13;0.13480;0.30117;0.43597;59.6
3;13;0.12547;0.73219;0.85766;45.5
4;13;0.08164;0.83377;0.91542;56.8
5;13;0.19033;1.17048;1.36081;47.8
6;13;0.09238;1.21005;1.30244;59.9
7;13;0.12349;1.48311;1.60660;56.6
8;13;0.10694;1.42675;1.53369;67.8
1;14;0.14615;0.01240;0.15855;88.3
2;14;0.07309;0.29468;0.36777;76.1
3;14;0.07989;0.86482;0.94471;44.5
4;14;0.13086;1.14217;1.27303;44.0
5;14;0.08285;0.92000;1.00285;69.8
6;14;0.14219;1.14988;1.29208;65.0
7;14;0.12321;1.54715;1.67036;58.7
8;14;0.07598;1.58693;1.66291;67.4
1;15;0.07689;0.01094;0.08783;170.8
2;15;0.10597;0.19088;0.29686;101.1
3;15;0.07177;0.42713;0.49890;90.2
4;15;0.08637;0.70841;0.79478;75.5
5;15;0.07314;0.78502;0.85816;87.4
6;15;0.07445;0.96756;1.04202;86.4
7;15;0.12800;1.33883;1.46683;71.6
8;15;0.19527;1.72246;1.91773;62.6
1;16;0.11998;0.06934;0.18932;84.5
2;16;0.09163;0.32832;0.41994;76.2
3;16;0.11535;0.71308;0.82843;57.9
4;16;0.11505;1.23209;1.34714;47.5
5;16;0.13630;1.69758;1.83389;43.6
6;16;0.10826;2.25996;2.36822;40.5
7;16;0.19470;2.58587;2.78057;40.3
8;16;0.07204;2.77512;2.84716;45.0
1;1;0.00024;0.00108;0.00133;754.5
2;1;0.00090;0.00199;0.00289;693.0
3;1;0.00074;0.00222;0.00296;1014.4
4;1;0.00112;0.00284;0.00396;1009.3
5;1;0.00112;0.00348;0.00460;1086.1
6;1;0.00125;0.00425;0.00550;1091.8
7;1;0.00305;0.00629;0.00935;749.0
8;1;0.00211;0.00628;0.00839;953.5
1;2;0.00050;0.00147;0.00197;1017.3
2;2;0.00094;0.00276;0.00369;1083.1
3;2;0.00122;0.00424;0.00546;1099.7
4;2;0.00243;0.00575;0.00819;977.3
5;2;0.00202;0.00567;0.00770;1299.2
6;2;0.00327;0.00785;0.01112;1079.1
7;2;0.00463;0.01092;0.01555;900.1
8;2;0.00394;0.01558;0.01952;819.9
1;3;0.00089;0.00187;0.00275;1089.0
2;3;0.00150;0.00391;0.00541;1109.6
3;3;0.00194;0.00778;0.00972;925.8
4;3;0.00239;0.00877;0.01116;1075.2
5;3;0.00365;0.01009;0.01374;1091.7
6;3;0.00327;0.01221;0.01548;1162.6
7;3;0.00525;0.01652;0.02177;964.6
8;3;0.00514;0.01952;0.02466;973.2
1;4;0.00134;0.00336;0.00470;850.7
2;4;0.00166;0.00575;0.00742;1078.9
3;4;0.00241;0.00647;0.00889;1350.0
4;4;0.00296;0.01322;0.01619;988.6
5;4;0.11551;0.07761;0.19311;103.6
6;4;0.05089;0.01563;0.06653;360.8
7;4;0.00430;0.02279;0.02710;1033.2
8;4;0.13669;0.08174;0.21843;146.5
1;5;0.00181;0.00380;0.00561;891.3
2;5;0.00845;0.00765;0.01611;620.8
3;5;0.00444;0.00836;0.01280;1171.6
4;5;0.01091;0.01723;0.02814;710.8
5;5;0.00482;0.02021;0.02503;998.9
6;5;0.00496;0.02423;0.02919;1027.6
7;5;0.06563;0.02844;0.09407;372.1
8;5;0.00974;0.02610;0.03584;1116.2
1;6;0.00182;0.00460;0.00642;934.8
2;6;0.03342;0.00918;0.04260;281.7
3;6;0.00278;0.01157;0.01435;1254.3
4;6;0.00387;0.01588;0.01975;1215.1
5;6;0.00525;0.01512;0.02037;1473.0
6;6;0.00588;0.02776;0.03364;1070.2
7;6;0.00582;0.02249;0.02831;1483.7
8;6;0.03315;0.02708;0.06022;797.1
1;7;0.00210;0.00723;0.00933;749.9
2;7;0.08663;0.01353;0.10016;139.8
3;7;0.07962;0.11910;0.19872;105.7
4;7;0.08934;0.19004;0.27938;100.2
5;7;0.00543;0.01647;0.02190;1598.5
6;7;0.00583;0.02893;0.03476;1208.2
7;7;0.00669;0.03099;0.03768;1300.5
8;7;0.05637;0.11147;0.16784;333.6
1;8;0.00224;0.00512;0.00736;1087.5
2;8;0.07702;0.01516;0.09218;173.6
3;8;0.06964;0.14139;0.21102;113.7
4;8;0.10425;0.39413;0.49837;64.2
5;8;0.09664;0.45063;0.54727;73.1
6;8;0.08133;0.47185;0.55319;86.8
7;8;0.09740;1.14038;1.23778;45.2
8;8;0.09065;0.78163;0.87228;73.4
1;9;0.00695;0.00975;0.01670;539.0
2;9;0.09379;0.12068;0.21447;83.9
3;9;0.07282;0.23630;0.30912;87.3
4;9;0.08990;0.31226;0.40216;89.5
5;9;0.15805;0.47672;0.63477;70.9
6;9;0.10074;0.56366;0.66440;81.3
7;9;0.12331;0.84426;0.96757;65.1
8;9;0.22931;0.97864;1.20795;59.6
1;10;0.22514;0.01200;0.23715;42.2
2;10;0.07677;0.15787;0.23463;85.2
3;10;0.10309;0.45222;0.55531;54.0
4;10;0.09526;0.58634;0.68160;58.7
5;10;0.12427;0.86439;0.98866;50.6
6;10;0.11347;1.04711;1.16058;51.7
7;10;0.09625;1.42824;1.52448;45.9
8;10;0.07709;1.42422;1.50131;53.3
1;11;0.05978;0.00827;0.06805;161.7
2;11;0.08694;0.11860;0.20554;107.0
3;11;0.16717;0.32294;0.49011;67.3
4;11;0.07420;0.42377;0.49797;88.4
5;11;0.10737;0.70608;0.81345;67.6
6;11;0.11372;0.81290;0.92661;71.2
7;11;0.11730;1.02308;1.14038;67.5
8;11;0.09384;1.57278;1.66662;52.8
1;12;0.05520;0.00916;0.06436;186.5
2;12;0.08293;0.13017;0.21309;112.6
3;12;0.07421;0.33870;0.41291;87.2
4;12;0.11892;0.49546;0.61437;78.1
5;12;0.13981;1.06712;1.20693;49.7
6;12;0.16318;1.49763;1.66081;43.4
7;12;0.08951;1.13868;1.22820;68.4
8;12;0.08332;1.30750;1.39082;69.0
1;13;0.06130;0.00901;0.07031;184.9
2;13;0.07274;0.16411;0.23685;109.8
3;13;0.08374;0.36719;0.45093;86.5
4;13;0.07311;0.52549;0.59859;86.9
5;13;0.15454;1.16556;1.32010;49.2
6;13;0.12661;1.02196;1.14857;67.9
7;13;0.20093;1.51184;1.71276;53.1
8;13;0.07455;1.68330;1.75784;59.2
1;14;0.11720;0.01286;0.13006;107.6
2;14;0.10603;0.31850;0.42453;66.0
3;14;0.19477;0.69030;0.88507;47.5
4;14;0.07324;0.54365;0.61689;90.8
5;14;0.10746;0.96960;1.07707;65.0
6;14;0.11139;1.28290;1.39429;60.2
7;14;0.07527;1.17877;1.25404;78.1
8;14;0.17139;1.55223;1.72362;65.0
1;15;0.10338;0.04786;0.15124;99.2
2;15;0.08567;0.20433;0.29000;103.4
3;15;0.15894;0.51316;0.67209;67.0
4;15;0.08031;0.61807;0.69838;85.9
5;15;0.12047;0.91495;1.03542;72.4
6;15;0.14376;1.74046;1.88422;47.8
7;15;0.32354;2.18350;2.50704;41.9
8;15;0.14197;2.27533;2.41730;49.6
1;16;0.14749;0.01993;0.16742;95.6
2;16;0.10856;0.22428;0.33284;96.1
3;16;0.07550;0.50409;0.57959;82.8
4;16;0.12719;0.86514;0.99233;64.5
5;16;0.10313;1.11767;1.22080;65.5
6;16;0.14347;1.77002;1.91349;50.2
7;16;0.14289;2.13372;2.27661;49.2
8;16;0.12776;2.45230;2.58006;49.6
1;1;0.00030;0.00117;0.00147;681.1
2;1;0.00096;0.00254;0.00349;572.5
3;1;0.00080;0.00183;0.00264;1138.3
4;1;0.00090;0.00285;0.00376;1064.7
5;1;0.00115;0.00337;0.00452;1105.3
6;1;0.00134;0.00380;0.00514;1166.6
7;1;0.00274;0.00476;0.00750;933.1
8;1;0.00207;0.00478;0.00685;1167.6
1;2;0.00051;0.00146;0.00197;1015.2
2;2;0.00131;0.00290;0.00421;949.3
3;2;0.00115;0.00393;0.00508;1182.1
4;2;0.00150;0.00538;0.00688;1162.7
5;2;0.00181;0.00556;0.00737;1357.4
6;2;0.00249;0.00856;0.01104;1086.5
7;2;0.00281;0.01138;0.01419;986.8
8;2;0.00365;0.01009;0.01374;1164.7
1;3;0.00088;0.00213;0.00302;993.7
2;3;0.00141;0.00399;0.00540;1111.3
3;3;0.00491;0.00604;0.01095;821.9
4;3;0.00224;0.00875;0.01099;1091.6
5;3;0.00308;0.00978;0.01286;1166.6
6;3;0.04091;0.01202;0.05293;340.1
7;3;0.00340;0.01525;0.01865;1126.2
8;3;0.00484;0.02149;0.02633;911.4
1;4;0.00115;0.00284;0.00399;1002.7
2;4;0.00189;0.00562;0.00751;1065.7
3;4;0.04561;0.00904;0.05465;219.6
4;4;0.00312;0.00990;0.01302;1229.0
5;4;0.00460;0.00679;0.01139;1756.2
6;4;0.00354;0.01916;0.02270;1057.2
7;4;0.00445;0.01890;0.02335;1199.2
8;4;0.02939;0.02267;0.05207;614.6
1;5;0.00138;0.00332;0.00470;1063.6
2;5;0.06389;0.00655;0.07045;142.0
3;5;0.16438;0.04245;0.20682;72.5
4;5;0.15348;0.15511;0.30859;64.8
5;5;0.00437;0.01174;0.01611;1551.5
6;5;0.05790;0.02012;0.07802;384.5
7;5;0.00591;0.02618;0.03209;1090.6
8;5;0.00674;0.02372;0.03046;1313.2
1;6;0.00170;0.00384;0.00554;1082.9
2;6;0.00294;0.00813;0.01108;1083.2
3;6;0.00271;0.01173;0.01444;1246.2
4;6;0.07547;0.11900;0.19447;123.4
5;6;0.00464;0.01499;0.01963;1527.9
6;6;0.00598;0.02570;0.03168;1136.5
7;6;0.00658;0.02943;0.03600;1166.6
8;6;0.00700;0.03092;0.03792;1265.8
1;7;0.00193;0.00416;0.00609;1149.2
2;7;0.06133;0.00899;0.07033;199.1
3;7;0.00341;0.01414;0.01755;1196.3
4;7;0.00456;0.02123;0.02579;1085.5
5;7;0.00507;0.02241;0.02748;1273.8
6;7;0.00678;0.02417;0.03094;1357.2
7;7;0.00662;0.03388;0.04050;1209.8
8;7;0.00775;0.03603;0.04378;1279.0
1;8;0.00219;0.00487;0.00705;1134.1
2;8;0.09709;0.01464;0.11173;143.2
3;8;0.15035;0.27377;0.42412;56.6
4;8;0.11005;0.40417;0.51422;62.2
5;8;0.10473;0.67689;0.78161;51.2
6;8;0.14283;0.89349;1.03632;46.3
7;8;0.11637;0.97656;1.09293;51.2
8;8;0.14654;1.46075;1.60729;39.8
1;9;0.04002;0.00611;0.04612;195.1
2;9;0.18147;0.33150;0.51297;35.1
3;9;0.07692;0.72253;0.79945;33.8
4;9;0.25069;0.52175;0.77244;46.6
5;9;0.72937;0.71345;1.44281;31.2
6;9;0.09312;0.89720;0.99032;54.5
7;9;0.07412;1.49820;1.57233;40.1
8;9;0.09679;0.90182;0.99861;72.1
1;10;0.01645;0.00784;0.02428;411.8
2;10;0.07185;0.06890;0.14076;142.1
3;10;0.09395;0.21232;0.30628;98.0
4;10;0.10656;0.42321;0.52977;75.5
5;10;0.10546;0.64002;0.74548;67.1
6;10;0.11887;0.74197;0.86084;69.7
7;10;0.12646;0.97283;1.09928;63.7
8;10;0.15102;1.44835;1.59936;50.0
1;11;0.16877;0.00956;0.17833;61.7
2;11;0.13294;0.20780;0.34073;64.6
3;11;0.12436;0.47697;0.60133;54.9
4;11;0.15314;0.61794;0.77108;57.1
5;11;0.17527;1.15488;1.33016;41.3
6;11;0.19098;1.16469;1.35567;48.7
7;11;0.11044;1.39171;1.50215;51.3
8;11;0.12411;1.48746;1.61157;54.6
1;12;0.08175;0.00929;0.09104;131.8
2;12;0.08374;0.14904;0.23278;103.1
3;12;0.06981;0.30261;0.37242;96.7
4;12;0.07268;0.61474;0.68743;69.8
5;12;0.09018;0.68152;0.77170;77.8
6;12;0.09534;0.81224;0.90758;79.3
7;12;0.10433;1.08607;1.19040;70.6
8;12;0.18506;1.39644;1.58149;60.7
1;13;0.07939;0.00985;0.08925;145.7
2;13;0.32981;0.32225;0.65206;39.9
3;13;0.11572;0.60932;0.72504;53.8
4;13;0.11644;0.69542;0.81186;64.1
5;13;0.09061;1.05728;1.14788;56.6
6;13;0.07020;1.26016;1.33036;58.6
7;13;0.13111;1.40403;1.53513;59.3
8;13;0.07567;1.49489;1.57056;66.2
1;14;0.06078;0.01050;0.07128;196.4
2;14;0.08450;0.20028;0.28478;98.3
3;14;0.07248;0.36840;0.44089;95.3
4;14;0.12604;0.94159;1.06762;52.5
5;14;0.10765;1.29992;1.40757;49.7
6;14;0.10439;1.41831;1.52270;55.2
7;14;0.13736;1.54082;1.67817;58.4
8;14;0.07348;1.39848;1.47196;76.1
1;15;0.07551;0.04144;0.11695;128.3
2;15;0.08805;0.20900;0.29705;101.0
3;15;0.13866;0.55814;0.69680;64.6
4;15;0.07155;0.68845;0.76001;78.9
5;15;0.11128;1.38837;1.49966;50.0
6;15;0.10163;1.37024;1.47187;61.1
7;15;0.08413;1.71908;1.80321;58.2
8;15;0.07278;1.74241;1.81519;66.1
1;16;0.08282;0.01581;0.09863;162.2
2;16;0.07931;0.24814;0.32746;97.7
3;16;0.09756;0.47044;0.56800;84.5
4;16;0.07672;0.81947;0.89619;71.4
5;16;0.15756;1.55826;1.71582;46.6
6;16;0.60379;2.54088;3.14466;30.5
7;16;0.10040;2.06043;2.16083;51.8
8;16;0.12113;2.05188;2.17301;58.9
1;1;0.00020;0.00076;0.00097;1033.3
2;1;0.00060;0.00158;0.00218;918.7
3;1;0.00078;0.00217;0.00295;1015.8
4;1;0.00102;0.00283;0.00385;1038.5
5;1;0.00112;0.00335;0.00447;1117.7
6;1;0.00142;0.00463;0.00604;993.0
7;1;0.00218;0.00570;0.00788;888.6
8;1;0.00213;0.00598;0.00811;986.3
1;2;0.00048;0.00147;0.00195;1025.7
2;2;0.00096;0.00265;0.00361;1108.6
3;2;0.00131;0.00289;0.00420;1427.0
4;2;0.00157;0.00531;0.00688;1163.2
5;2;0.00177;0.00701;0.00879;1138.3
6;2;0.00358;0.00674;0.01032;1162.6
7;2;0.00345;0.01124;0.01469;952.7
8;2;0.00332;0.01487;0.01820;879.3
1;3;0.00086;0.00204;0.00290;1034.6
2;3;0.00154;0.00408;0.00562;1067.7
3;3;0.00179;0.00480;0.00659;1366.6
4;3;0.00228;0.00790;0.01018;1178.8
5;3;0.12338;0.00907;0.13246;113.2
6;3;0.10614;0.07355;0.17969;100.2
7;3;0.00383;0.00984;0.01367;1536.3
8;3;0.00530;0.01799;0.02329;1030.5
1;4;0.00112;0.00255;0.00367;1089.1
2;4;0.00178;0.00516;0.00694;1153.5
3;4;0.04155;0.00724;0.04880;245.9
4;4;0.02327;0.01195;0.03522;454.3
5;4;0.09806;0.01457;0.11263;177.6
6;4;0.00394;0.01837;0.02231;1075.8
7;4;0.05381;0.01792;0.07173;390.3
8;4;0.00515;0.02452;0.02966;1078.8
1;5;0.00143;0.00345;0.00488;1024.6
2;5;0.00828;0.00682;0.01509;662.6
3;5;0.00280;0.00936;0.01216;1233.9
4;5;0.00378;0.01350;0.01728;1157.3
5;5;0.00430;0.01282;0.01713;1459.6
6;5;0.00473;0.01444;0.01917;1565.1
7;5;0.03384;0.02581;0.05966;586.7
8;5;0.00556;0.02925;0.03481;1149.0
1;6;0.00165;0.00404;0.00569;1053.8
2;6;0.03317;0.00880;0.04197;285.9
3;6;0.07117;0.04998;0.12115;148.6
4;6;0.10810;0.11864;0.22675;105.8
5;6;0.00494;0.02149;0.02643;1135.0
6;6;0.00563;0.02089;0.02652;1357.3
7;6;0.00630;0.02286;0.02915;1440.6
8;6;0.00893;0.02623;0.03516;1365.3
1;7;0.00200;0.00481;0.00681;1027.6
2;7;0.06907;0.01089;0.07996;175.1
3;7;0.08511;0.08807;0.17318;121.3
4;7;0.00440;0.01899;0.02340;1196.8
5;7;0.00662;0.02073;0.02736;1279.4
6;7;0.05626;0.02824;0.08449;497.1
7;7;0.00792;0.02478;0.03270;1498.7
8;7;0.00773;0.04043;0.04815;1162.9
1;8;0.00290;0.00752;0.01042;767.9
2;8;0.12204;0.02072;0.14276;112.1
3;8;0.09751;0.22361;0.32112;74.7
4;8;0.16219;0.39623;0.55842;57.3
5;8;0.11524;0.71035;0.82559;48.5
6;8;0.13987;0.75973;0.89961;53.4
7;8;0.11997;0.97888;1.09886;51.0
8;8;0.11696;1.28643;1.40340;45.6
1;9;0.00665;0.00646;0.01310;686.8
2;9;0.07347;0.04136;0.11483;156.8
3;9;0.12355;0.20873;0.33229;81.3
4;9;0.08580;0.29539;0.38119;94.4
5;9;0.11321;0.50531;0.61852;72.8
6;9;0.10347;0.64052;0.74399;72.6
7;9;0.08551;0.86502;0.95053;66.3
8;9;0.11060;0.82108;0.93169;77.3
1;10;0.00988;0.00743;0.01732;577.4
2;10;0.08360;0.07075;0.15435;129.6
3;10;0.10721;0.29566;0.40287;74.5
4;10;0.21638;0.72691;0.94329;42.4
5;10;0.23828;0.86581;1.10409;45.3
6;10;0.12492;1.26376;1.38868;43.2
7;10;0.13878;1.29558;1.43437;48.8
8;10;0.09159;1.38160;1.47319;54.3
1;11;0.05242;0.00859;0.06101;180.3
2;11;0.07446;0.14079;0.21525;102.2
3;11;0.07333;0.24116;0.31449;104.9
4;11;0.07154;0.47657;0.54811;80.3
5;11;0.11014;0.56989;0.68004;80.9
6;11;0.09015;0.91028;1.00043;66.0
7;11;0.11938;1.09781;1.21719;63.3
8;11;0.07177;1.23182;1.30358;67.5
1;12;0.05200;0.00880;0.06080;197.4
2;12;0.11674;0.14130;0.25804;93.0
3;12;0.10037;0.30671;0.40708;88.4
4;12;0.01016;0.73930;0.74946;64.0
5;12;0.09693;0.96960;1.06653;56.3
6;12;0.07274;1.18015;1.25289;57.5
7;12;0.16976;1.56540;1.73515;48.4
8;12;0.15228;1.58974;1.74202;55.1
1;13;0.05669;0.00957;0.06626;196.2
2;13;0.09378;0.15142;0.24521;106.0
3;13;0.07152;0.40565;0.47717;81.7
4;13;0.10464;0.47178;0.57642;90.2
5;13;0.12474;0.82770;0.95243;68.2
6;13;0.15263;1.25121;1.40384;55.6
7;13;0.11276;1.78282;1.89558;48.0
8;13;0.09558;1.28221;1.37779;75.5
1;14;0.07346;0.01088;0.08434;166.0
2;14;0.07784;0.21143;0.28927;96.8
3;14;0.11052;0.48953;0.60005;70.0
4;14;0.08225;0.62665;0.70890;79.0
5;14;0.14868;1.02279;1.17147;59.8
6;14;0.09262;1.16597;1.25859;66.7
7;14;0.11356;1.39548;1.50904;64.9
8;14;0.12833;2.15793;2.28626;49.0
1;15;0.09242;0.08413;0.17655;85.0
2;15;0.15599;0.29422;0.45022;66.6
3;15;0.07267;0.69287;0.76553;58.8
4;15;0.08024;0.60752;0.68777;87.2
5;15;0.13601;1.39409;1.53009;49.0
6;15;0.11930;1.05663;1.17594;76.5
7;15;0.12497;1.83327;1.95824;53.6
8;15;0.15527;2.00580;2.16106;55.5
1;16;0.10275;0.20961;0.31236;51.2
2;16;0.08678;0.22691;0.31370;102.0
3;16;0.08698;0.40818;0.49516;96.9
4;16;0.15623;0.91509;1.07132;59.7
5;16;0.18015;1.20085;1.38100;57.9
6;16;0.09776;2.03946;2.13723;44.9
7;16;0.13085;1.67341;1.80426;62.1
8;16;0.13738;1.75576;1.89313;67.6
